route_key,startingAirport,destinationAirport,origin_market,dest_market,route_market_key,N_train,precio_medio_train
LAX_LGA,LGA,LAX,NEW_YORK,LOS_ANGELES,LOS_ANGELES__NEW_YORK,5983,428.6499097442755
ATL_LAX,ATL,LAX,ATLANTA,LOS_ANGELES,ATLANTA__LOS_ANGELES,5920,414.72216385135135
BOS_LAX,LAX,BOS,LOS_ANGELES,BOSTON,BOSTON__LOS_ANGELES,5908,451.3616266079892
JFK_LAX,JFK,LAX,NEW_YORK,LOS_ANGELES,LOS_ANGELES__NEW_YORK,5421,466.71145176166766
DFW_LAX,LAX,DFW,LOS_ANGELES,DALLAS_FORT_WORTH,DALLAS_FORT_WORTH__LOS_ANGELES,5217,287.3530228100441
LAX_ORD,ORD,LAX,CHICAGO,LOS_ANGELES,CHICAGO__LOS_ANGELES,5209,361.9554271453254
DTW_LAX,LAX,DTW,LOS_ANGELES,DETROIT,DETROIT__LOS_ANGELES,5104,447.54194553291535
EWR_LAX,LAX,EWR,LOS_ANGELES,NEW_YORK,LOS_ANGELES__NEW_YORK,4953,408.14170401776704
CLT_LAX,CLT,LAX,CHARLOTTE,LOS_ANGELES,CHARLOTTE__LOS_ANGELES,4810,462.91445322245323
LGA_ORD,ORD,LGA,CHICAGO,NEW_YORK,CHICAGO__NEW_YORK,4682,174.99993592481843
LAX_PHL,PHL,LAX,PHILADELPHIA,LOS_ANGELES,LOS_ANGELES__PHILADELPHIA,4564,453.1035911481157
JFK_ORD,ORD,JFK,CHICAGO,NEW_YORK,CHICAGO__NEW_YORK,4553,432.11965956512194
BOS_SFO,SFO,BOS,SAN_FRANCISCO,BOSTON,BOSTON__SAN_FRANCISCO,4517,487.07311047155196
LGA_SFO,SFO,LGA,SAN_FRANCISCO,NEW_YORK,NEW_YORK__SAN_FRANCISCO,4450,518.9049685393259
ATL_BOS,ATL,BOS,ATLANTA,BOSTON,ATLANTA__BOSTON,4419,300.41313419325644
CLT_LGA,LGA,CLT,NEW_YORK,CHARLOTTE,CHARLOTTE__NEW_YORK,4334,197.6419958467928
DFW_LGA,LGA,DFW,NEW_YORK,DALLAS_FORT_WORTH,DALLAS_FORT_WORTH__NEW_YORK,4310,226.86801856148492
IAD_LGA,IAD,LGA,WASHINGTON,NEW_YORK,NEW_YORK__WASHINGTON,4286,391.3086070928605
LAX_MIA,LAX,MIA,LOS_ANGELES,MIAMI,LOS_ANGELES__MIAMI,4259,391.2311669405964
CLT_DFW,DFW,CLT,DALLAS_FORT_WORTH,CHARLOTTE,CHARLOTTE__DALLAS_FORT_WORTH,4208,316.7149928707224
DFW_MIA,MIA,DFW,MIAMI,DALLAS_FORT_WORTH,DALLAS_FORT_WORTH__MIAMI,4179,276.260909308447
ATL_LGA,ATL,LGA,ATLANTA,NEW_YORK,ATLANTA__NEW_YORK,3995,206.79668335419274
BOS_ORD,BOS,ORD,BOSTON,CHICAGO,BOSTON__CHICAGO,3922,213.4057598164202
BOS_LGA,BOS,LGA,BOSTON,NEW_YORK,BOSTON__NEW_YORK,3888,139.46720679012347
DEN_JFK,JFK,DEN,NEW_YORK,DENVER,DENVER__NEW_YORK,3877,510.60798039721436
DEN_LAX,LAX,DEN,LOS_ANGELES,DENVER,DENVER__LOS_ANGELES,3822,254.86473835688122
BOS_DFW,BOS,DFW,BOSTON,DALLAS_FORT_WORTH,BOSTON__DALLAS_FORT_WORTH,3781,300.73565987833905
CLT_SFO,SFO,CLT,SAN_FRANCISCO,CHARLOTTE,CHARLOTTE__SAN_FRANCISCO,3731,546.1791986062718
BOS_MIA,BOS,MIA,BOSTON,MIAMI,BOSTON__MIAMI,3727,228.52433592701908
DFW_PHL,PHL,DFW,PHILADELPHIA,DALLAS_FORT_WORTH,DALLAS_FORT_WORTH__PHILADELPHIA,3581,330.9158112259146
ATL_SFO,ATL,SFO,ATLANTA,SAN_FRANCISCO,ATLANTA__SAN_FRANCISCO,3544,496.0766506772009
IAD_LAX,IAD,LAX,WASHINGTON,LOS_ANGELES,LOS_ANGELES__WASHINGTON,3521,472.0830389094008
CLT_ORD,CLT,ORD,CHARLOTTE,CHICAGO,CHARLOTTE__CHICAGO,3449,268.69663670629166
DFW_ORD,DFW,ORD,DALLAS_FORT_WORTH,CHICAGO,CHICAGO__DALLAS_FORT_WORTH,3428,282.75953617269545
BOS_DEN,DEN,BOS,DENVER,BOSTON,BOSTON__DENVER,3422,381.30412624196373
MIA_ORD,MIA,ORD,MIAMI,CHICAGO,CHICAGO__MIAMI,3388,251.28044273907912
DTW_SFO,DTW,SFO,DETROIT,SAN_FRANCISCO,DETROIT__SAN_FRANCISCO,3364,550.8226248513674
CLT_MIA,CLT,MIA,CHARLOTTE,MIAMI,CHARLOTTE__MIAMI,3327,278.42219416892095
DFW_OAK,OAK,DFW,SAN_FRANCISCO,DALLAS_FORT_WORTH,DALLAS_FORT_WORTH__SAN_FRANCISCO,3315,446.5702684766214
EWR_ORD,ORD,EWR,CHICAGO,NEW_YORK,CHICAGO__NEW_YORK,3285,229.0570289193303
EWR_SFO,SFO,EWR,SAN_FRANCISCO,NEW_YORK,NEW_YORK__SAN_FRANCISCO,3266,461.7812553582364
MIA_SFO,SFO,MIA,SAN_FRANCISCO,MIAMI,MIAMI__SAN_FRANCISCO,3248,500.92882697044337
LGA_OAK,OAK,LGA,SAN_FRANCISCO,NEW_YORK,NEW_YORK__SAN_FRANCISCO,3174,703.7686231884057
LGA_MIA,LGA,MIA,NEW_YORK,MIAMI,MIAMI__NEW_YORK,3123,211.83272494396414
LAX_SFO,SFO,LAX,SAN_FRANCISCO,LOS_ANGELES,LOS_ANGELES__SAN_FRANCISCO,3120,199.35810256410258
BOS_CLT,BOS,CLT,BOSTON,CHARLOTTE,BOSTON__CHARLOTTE,3111,216.02893603342977
ORD_SFO,ORD,SFO,CHICAGO,SAN_FRANCISCO,CHICAGO__SAN_FRANCISCO,3105,437.2181417069243
ATL_DTW,DTW,ATL,DETROIT,ATLANTA,ATLANTA__DETROIT,3086,288.1136292935839
BOS_DTW,BOS,DTW,BOSTON,DETROIT,BOSTON__DETROIT,3043,250.4740289188301
CLT_PHL,PHL,CLT,PHILADELPHIA,CHARLOTTE,CHARLOTTE__PHILADELPHIA,2988,280.2133232931727
JFK_SFO,SFO,JFK,SAN_FRANCISCO,NEW_YORK,NEW_YORK__SAN_FRANCISCO,2974,455.57958641560185
PHL_SFO,PHL,SFO,PHILADELPHIA,SAN_FRANCISCO,PHILADELPHIA__SAN_FRANCISCO,2951,546.7456862080651
DTW_LGA,LGA,DTW,NEW_YORK,DETROIT,DETROIT__NEW_YORK,2939,203.01451173868665
DEN_SFO,SFO,DEN,SAN_FRANCISCO,DENVER,DENVER__SAN_FRANCISCO,2934,322.32865712338105
MIA_PHL,PHL,MIA,PHILADELPHIA,MIAMI,MIAMI__PHILADELPHIA,2934,269.89746080436265
CLT_EWR,CLT,EWR,CHARLOTTE,NEW_YORK,CHARLOTTE__NEW_YORK,2907,241.3730271757826
DEN_LGA,LGA,DEN,NEW_YORK,DENVER,DENVER__NEW_YORK,2868,301.7620606694561
DFW_EWR,EWR,DFW,NEW_YORK,DALLAS_FORT_WORTH,DALLAS_FORT_WORTH__NEW_YORK,2863,289.14756898358365
BOS_JFK,JFK,BOS,NEW_YORK,BOSTON,BOSTON__NEW_YORK,2836,195.23811706629056
ATL_ORD,ATL,ORD,ATLANTA,CHICAGO,ATLANTA__CHICAGO,2824,245.36207152974504
IAD_SFO,SFO,IAD,SAN_FRANCISCO,WASHINGTON,SAN_FRANCISCO__WASHINGTON,2787,520.9417079296735
CLT_JFK,JFK,CLT,NEW_YORK,CHARLOTTE,CHARLOTTE__NEW_YORK,2767,263.44314058547167
ATL_DEN,ATL,DEN,ATLANTA,DENVER,ATLANTA__DENVER,2727,347.50460579391273
DEN_EWR,EWR,DEN,NEW_YORK,DENVER,DENVER__NEW_YORK,2676,367.933389387145
DFW_DTW,DTW,DFW,DETROIT,DALLAS_FORT_WORTH,DALLAS_FORT_WORTH__DETROIT,2666,329.24958364591146
JFK_MIA,MIA,JFK,MIAMI,NEW_YORK,MIAMI__NEW_YORK,2650,226.85151698113208
ATL_EWR,ATL,EWR,ATLANTA,NEW_YORK,ATLANTA__NEW_YORK,2627,221.7863075751808
DEN_MIA,MIA,DEN,MIAMI,DENVER,DENVER__MIAMI,2607,373.54610280015345
DEN_PHL,DEN,PHL,DENVER,PHILADELPHIA,DENVER__PHILADELPHIA,2597,394.1884328070851
CLT_DTW,CLT,DTW,CHARLOTTE,DETROIT,CHARLOTTE__DETROIT,2574,283.49314296814293
DFW_JFK,JFK,DFW,NEW_YORK,DALLAS_FORT_WORTH,DALLAS_FORT_WORTH__NEW_YORK,2514,374.82914478918065
ATL_PHL,PHL,ATL,PHILADELPHIA,ATLANTA,ATLANTA__PHILADELPHIA,2506,247.10495211492417
ATL_JFK,JFK,ATL,NEW_YORK,ATLANTA,ATLANTA__NEW_YORK,2505,292.4492375249501
ATL_DFW,DFW,ATL,DALLAS_FORT_WORTH,ATLANTA,ATLANTA__DALLAS_FORT_WORTH,2485,249.5099597585513
ATL_OAK,ATL,OAK,ATLANTA,SAN_FRANCISCO,ATLANTA__SAN_FRANCISCO,2460,549.3021341463415
DFW_SFO,SFO,DFW,SAN_FRANCISCO,DALLAS_FORT_WORTH,DALLAS_FORT_WORTH__SAN_FRANCISCO,2373,353.2794816687737
DTW_MIA,MIA,DTW,MIAMI,DETROIT,DETROIT__MIAMI,2373,276.18962916139907
ATL_MIA,ATL,MIA,ATLANTA,MIAMI,ATLANTA__MIAMI,2349,255.29011919965942
DTW_JFK,JFK,DTW,NEW_YORK,DETROIT,DETROIT__NEW_YORK,2308,366.78193674176777
EWR_MIA,MIA,EWR,MIAMI,NEW_YORK,MIAMI__NEW_YORK,2304,250.6745659722222
CLT_DEN,DEN,CLT,DENVER,CHARLOTTE,CHARLOTTE__DENVER,2298,390.7756266318538
DEN_DTW,DTW,DEN,DETROIT,DENVER,DENVER__DETROIT,2227,356.2641894925909
DTW_EWR,EWR,DTW,NEW_YORK,DETROIT,DETROIT__NEW_YORK,2193,243.17628818969447
DEN_DFW,DEN,DFW,DENVER,DALLAS_FORT_WORTH,DALLAS_FORT_WORTH__DENVER,2165,236.44248960739029
ATL_CLT,ATL,CLT,ATLANTA,CHARLOTTE,ATLANTA__CHARLOTTE,2114,306.9015279091769
DEN_ORD,DEN,ORD,DENVER,CHICAGO,CHICAGO__DENVER,2104,328.89839353612166
LAX_OAK,OAK,LAX,SAN_FRANCISCO,LOS_ANGELES,LOS_ANGELES__SAN_FRANCISCO,2067,345.31620706337685
BOS_OAK,BOS,OAK,BOSTON,SAN_FRANCISCO,BOSTON__SAN_FRANCISCO,2059,646.7292666342885
OAK_ORD,OAK,ORD,SAN_FRANCISCO,CHICAGO,CHICAGO__SAN_FRANCISCO,2059,474.05882952889755
ORD_PHL,PHL,ORD,PHILADELPHIA,CHICAGO,CHICAGO__PHILADELPHIA,2055,260.9204817518248
DEN_OAK,OAK,DEN,SAN_FRANCISCO,DENVER,DENVER__SAN_FRANCISCO,2037,397.2515071183113
DTW_OAK,OAK,DTW,SAN_FRANCISCO,DETROIT,DETROIT__SAN_FRANCISCO,2036,577.7444155206288
DEN_IAD,DEN,IAD,DENVER,WASHINGTON,DENVER__WASHINGTON,2003,405.57009485771346
EWR_IAD,IAD,EWR,WASHINGTON,NEW_YORK,NEW_YORK__WASHINGTON,1922,324.4330124869927
BOS_EWR,BOS,EWR,BOSTON,NEW_YORK,BOSTON__NEW_YORK,1909,184.60457307490833
DTW_PHL,PHL,DTW,PHILADELPHIA,DETROIT,DETROIT__PHILADELPHIA,1905,297.3835695538058
IAD_ORD,IAD,ORD,WASHINGTON,CHICAGO,CHICAGO__WASHINGTON,1825,312.80601643835615
OAK_PHL,PHL,OAK,PHILADELPHIA,SAN_FRANCISCO,PHILADELPHIA__SAN_FRANCISCO,1824,646.5611403508772
DFW_IAD,IAD,DFW,WASHINGTON,DALLAS_FORT_WORTH,DALLAS_FORT_WORTH__WASHINGTON,1821,324.2699670510708
BOS_PHL,PHL,BOS,PHILADELPHIA,BOSTON,BOSTON__PHILADELPHIA,1749,199.48277301315036
IAD_JFK,IAD,JFK,WASHINGTON,NEW_YORK,NEW_YORK__WASHINGTON,1701,389.3831334509112
BOS_IAD,BOS,IAD,BOSTON,WASHINGTON,BOSTON__WASHINGTON,1681,290.9153837001785
IAD_MIA,IAD,MIA,WASHINGTON,MIAMI,MIAMI__WASHINGTON,1531,329.12109079033314
CLT_OAK,CLT,OAK,CHARLOTTE,SAN_FRANCISCO,CHARLOTTE__SAN_FRANCISCO,1508,659.3838129973475
EWR_OAK,EWR,OAK,NEW_YORK,SAN_FRANCISCO,NEW_YORK__SAN_FRANCISCO,1441,550.3695766828591
IAD_OAK,OAK,IAD,SAN_FRANCISCO,WASHINGTON,SAN_FRANCISCO__WASHINGTON,1418,672.0827150916784
DTW_ORD,ORD,DTW,CHICAGO,DETROIT,CHICAGO__DETROIT,1392,221.748283045977
ATL_IAD,ATL,IAD,ATLANTA,WASHINGTON,ATLANTA__WASHINGTON,1261,250.83042030134817
CLT_IAD,CLT,IAD,CHARLOTTE,WASHINGTON,CHARLOTTE__WASHINGTON,1190,220.65589075630254
MIA_OAK,OAK,MIA,SAN_FRANCISCO,MIAMI,MIAMI__SAN_FRANCISCO,1173,668.1584398976981
JFK_OAK,OAK,JFK,SAN_FRANCISCO,NEW_YORK,NEW_YORK__SAN_FRANCISCO,1166,581.7996140651801
DTW_IAD,DTW,IAD,DETROIT,WASHINGTON,DETROIT__WASHINGTON,964,223.95800829875517
