route_market_key,origin_market,dest_market,N_train,precio_medio_train,aeropuertos_origen,aeropuertos_destino
NEW_YORK__SAN_FRANCISCO,SAN_FRANCISCO,NEW_YORK,16471,538.9727946087062,"EWR, JFK, LGA, OAK, SFO","EWR, JFK, LGA, OAK, SFO"
LOS_ANGELES__NEW_YORK,NEW_YORK,LOS_ANGELES,16357,435.05416946872896,"EWR, JFK, LAX, LGA","EWR, JFK, LAX, LGA"
CHICAGO__NEW_YORK,CHICAGO,NEW_YORK,12520,282.6871285942492,"EWR, JFK, LGA, ORD","EWR, JFK, LGA, ORD"
CHARLOTTE__NEW_YORK,CHARLOTTE,NEW_YORK,10008,228.5370673461231,"CLT, EWR, JFK, LGA","CLT, EWR, JFK, LGA"
DALLAS_FORT_WORTH__NEW_YORK,NEW_YORK,DALLAS_FORT_WORTH,9687,283.67411169608755,"DFW, EWR, JFK, LGA","DFW, EWR, JFK, LGA"
DENVER__NEW_YORK,NEW_YORK,DENVER,9421,406.50360683579237,"DEN, EWR, JFK, LGA","DEN, EWR, JFK, LGA"
ATLANTA__NEW_YORK,ATLANTA,NEW_YORK,9127,234.61934041853843,"ATL, EWR, JFK, LGA","ATL, EWR, JFK, LGA"
BOSTON__NEW_YORK,BOSTON,NEW_YORK,8633,167.76948106104481,"BOS, EWR, JFK, LGA","BOS, EWR, JFK, LGA"
MIAMI__NEW_YORK,MIAMI,NEW_YORK,8077,227.8400792373406,"EWR, JFK, LGA, MIA","EWR, JFK, LGA, MIA"
NEW_YORK__WASHINGTON,WASHINGTON,NEW_YORK,7909,374.64276773296245,"EWR, IAD, JFK, LGA","EWR, IAD, JFK, LGA"
DETROIT__NEW_YORK,NEW_YORK,DETROIT,7440,265.65563978494623,"DTW, EWR, JFK, LGA","DTW, EWR, JFK, LGA"
BOSTON__SAN_FRANCISCO,SAN_FRANCISCO,BOSTON,6576,537.0627737226278,"BOS, OAK, SFO","BOS, OAK, SFO"
ATLANTA__SAN_FRANCISCO,ATLANTA,SAN_FRANCISCO,6004,517.8845602931378,"ATL, OAK, SFO","ATL, OAK, SFO"
ATLANTA__LOS_ANGELES,ATLANTA,LOS_ANGELES,5920,414.72216385135135,"ATL, LAX","ATL, LAX"
BOSTON__LOS_ANGELES,LOS_ANGELES,BOSTON,5908,451.3616266079892,"BOS, LAX","BOS, LAX"
DALLAS_FORT_WORTH__SAN_FRANCISCO,SAN_FRANCISCO,DALLAS_FORT_WORTH,5688,407.6499033052039,"DFW, OAK, SFO","DFW, OAK, SFO"
DETROIT__SAN_FRANCISCO,SAN_FRANCISCO,DETROIT,5400,560.9731370370371,"DTW, OAK, SFO","DTW, OAK, SFO"
CHARLOTTE__SAN_FRANCISCO,CHARLOTTE,SAN_FRANCISCO,5239,578.7641496468791,"CLT, OAK, SFO","CLT, OAK, SFO"
DALLAS_FORT_WORTH__LOS_ANGELES,LOS_ANGELES,DALLAS_FORT_WORTH,5217,287.3530228100441,"DFW, LAX","DFW, LAX"
CHICAGO__LOS_ANGELES,CHICAGO,LOS_ANGELES,5209,361.9554271453254,"LAX, ORD","LAX, ORD"
LOS_ANGELES__SAN_FRANCISCO,SAN_FRANCISCO,LOS_ANGELES,5187,257.5218584923848,"LAX, OAK, SFO","LAX, OAK, SFO"
CHICAGO__SAN_FRANCISCO,SAN_FRANCISCO,CHICAGO,5164,451.90733152594885,"OAK, ORD, SFO","OAK, ORD, SFO"
DETROIT__LOS_ANGELES,LOS_ANGELES,DETROIT,5104,447.54194553291535,"DTW, LAX","DTW, LAX"
DENVER__SAN_FRANCISCO,SAN_FRANCISCO,DENVER,4971,353.0302957151479,"DEN, OAK, SFO","DEN, OAK, SFO"
CHARLOTTE__LOS_ANGELES,CHARLOTTE,LOS_ANGELES,4810,462.91445322245323,"CLT, LAX","CLT, LAX"
PHILADELPHIA__SAN_FRANCISCO,PHILADELPHIA,SAN_FRANCISCO,4775,584.8741445026178,"OAK, PHL, SFO","OAK, PHL, SFO"
LOS_ANGELES__PHILADELPHIA,PHILADELPHIA,LOS_ANGELES,4564,453.1035911481157,"LAX, PHL","LAX, PHL"
MIAMI__SAN_FRANCISCO,SAN_FRANCISCO,MIAMI,4421,545.2989549875595,"MIA, OAK, SFO","MIA, OAK, SFO"
ATLANTA__BOSTON,ATLANTA,BOSTON,4419,300.41313419325644,"ATL, BOS","ATL, BOS"
LOS_ANGELES__MIAMI,LOS_ANGELES,MIAMI,4259,391.2311669405964,"LAX, MIA","LAX, MIA"
CHARLOTTE__DALLAS_FORT_WORTH,DALLAS_FORT_WORTH,CHARLOTTE,4208,316.7149928707224,"CLT, DFW","CLT, DFW"
SAN_FRANCISCO__WASHINGTON,SAN_FRANCISCO,WASHINGTON,4205,571.9091153388823,"IAD, OAK, SFO","IAD, OAK, SFO"
DALLAS_FORT_WORTH__MIAMI,MIAMI,DALLAS_FORT_WORTH,4179,276.260909308447,"DFW, MIA","DFW, MIA"
BOSTON__CHICAGO,BOSTON,CHICAGO,3922,213.4057598164202,"BOS, ORD","BOS, ORD"
DENVER__LOS_ANGELES,LOS_ANGELES,DENVER,3822,254.86473835688122,"DEN, LAX","DEN, LAX"
BOSTON__DALLAS_FORT_WORTH,BOSTON,DALLAS_FORT_WORTH,3781,300.73565987833905,"BOS, DFW","BOS, DFW"
BOSTON__MIAMI,BOSTON,MIAMI,3727,228.52433592701908,"BOS, MIA","BOS, MIA"
DALLAS_FORT_WORTH__PHILADELPHIA,PHILADELPHIA,DALLAS_FORT_WORTH,3581,330.9158112259146,"DFW, PHL","DFW, PHL"
LOS_ANGELES__WASHINGTON,WASHINGTON,LOS_ANGELES,3521,472.0830389094008,"IAD, LAX","IAD, LAX"
CHARLOTTE__CHICAGO,CHARLOTTE,CHICAGO,3449,268.69663670629166,"CLT, ORD","CLT, ORD"
CHICAGO__DALLAS_FORT_WORTH,DALLAS_FORT_WORTH,CHICAGO,3428,282.75953617269545,"DFW, ORD","DFW, ORD"
BOSTON__DENVER,DENVER,BOSTON,3422,381.30412624196373,"BOS, DEN","BOS, DEN"
CHICAGO__MIAMI,MIAMI,CHICAGO,3388,251.28044273907912,"MIA, ORD","MIA, ORD"
CHARLOTTE__MIAMI,CHARLOTTE,MIAMI,3327,278.42219416892095,"CLT, MIA","CLT, MIA"
BOSTON__CHARLOTTE,BOSTON,CHARLOTTE,3111,216.02893603342977,"BOS, CLT","BOS, CLT"
ATLANTA__DETROIT,DETROIT,ATLANTA,3086,288.1136292935839,"ATL, DTW","ATL, DTW"
BOSTON__DETROIT,BOSTON,DETROIT,3043,250.4740289188301,"BOS, DTW","BOS, DTW"
CHARLOTTE__PHILADELPHIA,PHILADELPHIA,CHARLOTTE,2988,280.2133232931727,"CLT, PHL","CLT, PHL"
MIAMI__PHILADELPHIA,PHILADELPHIA,MIAMI,2934,269.89746080436265,"MIA, PHL","MIA, PHL"
ATLANTA__CHICAGO,ATLANTA,CHICAGO,2824,245.36207152974504,"ATL, ORD","ATL, ORD"
ATLANTA__DENVER,ATLANTA,DENVER,2727,347.50460579391273,"ATL, DEN","ATL, DEN"
DALLAS_FORT_WORTH__DETROIT,DETROIT,DALLAS_FORT_WORTH,2666,329.24958364591146,"DFW, DTW","DFW, DTW"
DENVER__MIAMI,MIAMI,DENVER,2607,373.54610280015345,"DEN, MIA","DEN, MIA"
DENVER__PHILADELPHIA,DENVER,PHILADELPHIA,2597,394.1884328070851,"DEN, PHL","DEN, PHL"
CHARLOTTE__DETROIT,CHARLOTTE,DETROIT,2574,283.49314296814293,"CLT, DTW","CLT, DTW"
ATLANTA__PHILADELPHIA,PHILADELPHIA,ATLANTA,2506,247.10495211492417,"ATL, PHL","ATL, PHL"
ATLANTA__DALLAS_FORT_WORTH,DALLAS_FORT_WORTH,ATLANTA,2485,249.5099597585513,"ATL, DFW","ATL, DFW"
DETROIT__MIAMI,MIAMI,DETROIT,2373,276.18962916139907,"DTW, MIA","DTW, MIA"
ATLANTA__MIAMI,ATLANTA,MIAMI,2349,255.29011919965942,"ATL, MIA","ATL, MIA"
CHARLOTTE__DENVER,DENVER,CHARLOTTE,2298,390.7756266318538,"CLT, DEN","CLT, DEN"
DENVER__DETROIT,DETROIT,DENVER,2227,356.2641894925909,"DEN, DTW","DEN, DTW"
DALLAS_FORT_WORTH__DENVER,DENVER,DALLAS_FORT_WORTH,2165,236.44248960739029,"DEN, DFW","DEN, DFW"
ATLANTA__CHARLOTTE,ATLANTA,CHARLOTTE,2114,306.9015279091769,"ATL, CLT","ATL, CLT"
CHICAGO__DENVER,DENVER,CHICAGO,2104,328.89839353612166,"DEN, ORD","DEN, ORD"
CHICAGO__PHILADELPHIA,PHILADELPHIA,CHICAGO,2055,260.9204817518248,"ORD, PHL","ORD, PHL"
DENVER__WASHINGTON,DENVER,WASHINGTON,2003,405.57009485771346,"DEN, IAD","DEN, IAD"
DETROIT__PHILADELPHIA,PHILADELPHIA,DETROIT,1905,297.3835695538058,"DTW, PHL","DTW, PHL"
CHICAGO__WASHINGTON,WASHINGTON,CHICAGO,1825,312.80601643835615,"IAD, ORD","IAD, ORD"
DALLAS_FORT_WORTH__WASHINGTON,WASHINGTON,DALLAS_FORT_WORTH,1821,324.2699670510708,"DFW, IAD","DFW, IAD"
BOSTON__PHILADELPHIA,PHILADELPHIA,BOSTON,1749,199.48277301315036,"BOS, PHL","BOS, PHL"
BOSTON__WASHINGTON,BOSTON,WASHINGTON,1681,290.9153837001785,"BOS, IAD","BOS, IAD"
MIAMI__WASHINGTON,WASHINGTON,MIAMI,1531,329.12109079033314,"IAD, MIA","IAD, MIA"
CHICAGO__DETROIT,CHICAGO,DETROIT,1392,221.748283045977,"DTW, ORD","DTW, ORD"
ATLANTA__WASHINGTON,ATLANTA,WASHINGTON,1261,250.83042030134817,"ATL, IAD","ATL, IAD"
CHARLOTTE__WASHINGTON,CHARLOTTE,WASHINGTON,1190,220.65589075630254,"CLT, IAD","CLT, IAD"
DETROIT__WASHINGTON,DETROIT,WASHINGTON,964,223.95800829875517,"DTW, IAD","DTW, IAD"
