route_market_key,isBasicEconomy_num,route_avg_price_30_hist,seatsRemaining,travelDuration_mins,flight_dayofweek,totalTravelDistance,route_avg_price_hist,dot_avg_fare,days_to_departure,isNonStop_num,market_share_route,route_std_price_hist,capacity_pressure,price_urgency,has_business_segment,elapsedDays,duration_per_mile,passengers_route,market_pressure,other_carriers_share,is_multi_airline,low_fare_carrier_share,route_avg_price_lag_1w
ATLANTA__BOSTON,0.0,302.5506666666667,7.0,315.0,3.0,947.0,309.1042963174422,254.7473106,28.0,0.0,0.7392168471,127.70127181989922,0.21951219512195122,10.496486225930441,0.0,0.0,0.3206751054852321,2570.434783,14961671.087929288,0.15887178619999998,1.0,0.1019113667,305.0875501074337
ATLANTA__CHARLOTTE,0.0,303.80016666666666,7.0,228.0,3.0,868.0,308.6858094231569,269.2683644,20.0,0.0,0.621653085,112.86736709307081,0.26120857699805067,14.70913974276667,0.0,0.0,0.3366693354683747,373.4782609,1959354.2797833583,0.006693829999999956,1.0,0.371653085,303.5965579868311
ATLANTA__CHICAGO,0.0,242.67133333333334,7.0,322.0,3.0,844.0,258.07014113408525,195.9463204,24.0,0.0,0.3479151426,119.01737629970796,0.19444444444444445,9.589629629629629,0.0,0.0,0.2632042253521127,3714.673913,12596433.223929994,0.3782297001,1.0,0.2738551573,239.80914828047636
ATLANTA__DALLAS_FORT_WORTH,0.0,257.393,7.0,141.0,3.0,725.0,271.3381193693694,204.1300086,28.0,1.0,0.3865149164,108.61504789532238,0.19444444444444445,8.771412981540196,0.0,0.0,0.19421487603305784,3151.630435,11386867.63890743,0.415657872,0.0,0.1978272116,254.20399652274705
ATLANTA__DENVER,0.0,348.071,6.0,349.0,3.0,1375.0,381.3915693069307,247.1573387,28.0,0.0,0.45845413,144.26996899078534,0.1875,12.070795643052652,0.0,0.0,0.22819767441860464,2212.065217,8129046.375757007,0.3438160287,1.0,0.1977298413,347.2628816165838
ATLANTA__DETROIT,0.0,286.67650000000003,7.0,305.0,3.0,893.5,298.49261861773977,204.7422057,23.0,0.0,0.5651605232,147.20933677707768,0.2,12.118245871126229,0.0,0.0,0.30381471389645776,1828.26087,8006119.5284798425,0.10796670629999999,1.0,0.3268727705,289.9816446433119
ATLANTA__LOS_ANGELES,0.0,422.16150000000005,7.0,459.0,3.0,2034.0,449.14649641720655,380.4446161,28.0,0.0,0.6230806219,125.80598479061284,0.1794871794871795,14.512921274965944,0.0,0.0,0.20953326713008938,3390.76087,15859989.16534127,0.2535662766,1.0,0.1233531015,418.8260140769117
ATLANTA__MIAMI,0.0,252.54533333333336,7.0,133.0,3.0,596.0,262.34530963302757,173.7180591,27.0,1.0,0.4784198258,161.39046269211738,0.2,8.942650073602842,0.0,0.0,0.21424745581146223,4429.891304,16964138.0074557,0.3557600294,0.0,0.1658201448,255.75436686212944
ATLANTA__NEW_YORK,0.0,226.047,7.0,242.0,3.0,762.0,225.3654818523154,194.0390094,28.0,0.0,0.4887382822,105.78519907470448,0.2,8.065648130054985,0.0,0.0,0.25965177895533686,8580.434783,35790219.23945267,0.4098302509000001,1.0,0.1014314669,238.13749119037428
ATLANTA__PHILADELPHIA,0.0,250.28516666666667,5.0,270.0,3.0,677.0,273.6748915356301,191.5789896,28.0,0.0,0.4132535665,149.62005885632485,0.17391304347826086,8.92717604490356,0.0,0.0,0.26905573760812446,2125.76087,7508495.847454996,0.36513780230000004,1.0,0.2216086312,250.26101224489796
ATLANTA__SAN_FRANCISCO,0.0,514.8203333333333,7.0,605.0,3.0,2393.0,560.9621040864063,401.4085105,28.0,0.0,0.6494467239,172.54368516127184,0.1956521739130435,18.090762790916184,0.0,0.0,0.23870700372979695,1748.478261,8602796.248423195,0.24157652609999997,1.0,0.10897675,524.941
ATLANTA__WASHINGTON,0.0,246.46900000000002,7.0,121.0,3.0,541.0,262.87652482269505,183.5459718,29.0,1.0,0.4666925839,139.2822679378135,0.2,8.351852270410884,0.0,0.0,0.21033210332103322,4753.152174,17122939.43411307,0.2774588945,0.0,0.2558485216,248.00010997732423
BOSTON__CHARLOTTE,0.0,214.18866666666665,7.0,279.0,3.0,730.0,213.04983677910772,205.877856,27.0,0.0,0.5958124158,101.7818065919898,0.1956521739130435,7.605689139774572,0.0,0.0,0.3583106267029973,1775.434783,7764562.71668702,0.2202155014,1.0,0.1839720828,214.17751091474375
BOSTON__CHICAGO,0.0,213.22666666666666,7.0,175.0,3.0,862.0,226.36393967422455,189.9058083,28.0,1.0,0.3715061121,106.5367713899578,0.20930232558139536,7.313112929239928,0.0,0.0,0.20278099652375434,4685.978261,17043978.71416258,0.43299853869999994,0.0,0.1954953492,216.36371804560252
BOSTON__DALLAS_FORT_WORTH,0.0,297.11800000000005,7.0,406.0,3.0,1570.0,303.36735227639656,295.9351154,27.0,0.0,0.5818865128,116.40699288140509,0.20689655172413793,10.776832154103513,0.0,0.0,0.24805738194859533,2053.478261,9038938.152020067,0.29324581829999996,1.0,0.1248676689,296.7562799829102
BOSTON__DENVER,0.0,383.9483333333334,7.0,435.0,3.0,1806.0,409.1961488420908,328.6002687,29.0,0.0,0.4124339335,136.3330562739484,0.2,12.740590046463053,0.0,0.0,0.2219147758716104,2426.73913,8689806.190535149,0.3814386814,1.0,0.2061273851,385.67484960803534
BOSTON__DETROIT,0.0,254.66,7.0,315.0,3.0,670.0,263.7296326905418,225.0975651,28.0,0.0,0.635813916,103.97271347556763,0.175,8.705988282828283,0.0,0.0,0.3979135618479881,1348.152174,6494523.152256771,0.10739337259999998,1.0,0.2567927114,254.39775167844914
BOSTON__LOS_ANGELES,0.0,469.66350000000006,7.0,509.0,3.0,2643.0,484.255475796548,422.8756695,28.0,0.0,0.3030380977,175.47032314208212,0.19444444444444445,15.541521394095374,0.0,0.0,0.18835098335854766,3803.152174,15908506.803232634,0.5529166309,1.0,0.1440452714,482.94135549064043
BOSTON__MIAMI,0.0,231.10666666666665,7.0,336.0,3.0,1289.0,239.57287047003945,188.9295439,28.0,0.0,0.3525726696,109.56020456945508,0.20454545454545456,7.91227144310419,0.0,0.0,0.2544333076329992,3903.913043,14579855.591875736,0.4643891302,1.0,0.1830382002,237.85938776541
BOSTON__NEW_YORK,0.0,164.49533333333332,7.0,86.0,3.0,185.0,183.64775700934578,161.1967721,29.0,1.0,0.3751117222,127.98205951668876,0.21875,5.765129015222982,0.0,0.0,0.44623655913978494,3161.956522,10651924.98619171,0.2909247164,0.0,0.3339635614,168.6315628312957
BOSTON__PHILADELPHIA,0.0,200.33666666666664,7.0,100.0,3.0,280.0,227.4695449620802,161.6929659,27.0,1.0,0.6493442217,135.3258045873948,0.225,7.3871153940776715,0.0,0.0,0.34519572953736655,1756.956522,8488627.439130133,0.17248205890000004,0.0,0.1781737194,217.24466938676056
BOSTON__SAN_FRANCISCO,0.0,559.927,7.0,589.0,3.0,2751.0,561.6318136214195,432.7758681,30.0,0.0,0.3202943814,216.53921613346154,0.19478319783197834,17.411191689597135,0.0,0.0,0.2026775753068055,3515.108696,13584114.920501852,0.5024274096,1.0,0.177278209,539.2347363906072
BOSTON__WASHINGTON,0.0,291.56800000000004,7.0,313.0,3.0,406.0,301.40058536585366,145.4666753,29.0,0.0,0.3109759268,156.84780593300013,0.20833333333333334,9.717337591522362,0.0,0.0,0.42045454545454547,6271.630435,21093528.616502773,0.3780481463999999,1.0,0.3109759268,291.5388096313624
CHARLOTTE__CHICAGO,0.0,262.4053333333333,7.0,331.0,3.0,921.0,251.26428970917226,223.5675284,27.0,0.0,0.5280297079,117.78807081278366,0.20454545454545456,9.68785967555416,0.0,0.0,0.3080568720379147,1522.065217,5965030.550686774,0.26522887949999996,1.0,0.2067414126,250.14209533487858
CHARLOTTE__DALLAS_FORT_WORTH,0.0,315.35816666666665,7.0,343.0,3.0,994.0,317.5356042717619,310.7969706,27.0,0.0,0.8237872589,128.42959532854087,0.1839419978517723,11.161168847958765,0.0,0.0,0.2875610949445805,1115.869565,7845036.166589495,0.15478277809999996,1.0,0.021429963,316.23959992501995
CHARLOTTE__DENVER,0.0,388.8845,7.0,378.0,3.0,1580.0,420.5608105431983,271.1937741,28.0,0.0,0.5354051517,177.38049284105116,0.20454545454545456,13.45470126335282,0.0,0.0,0.22596052527594107,1042.282609,4113246.7238938143,0.22703097299999997,1.0,0.2375638753,378.0074555014989
CHARLOTTE__DETROIT,0.0,281.638,7.0,318.5,2.0,832.0,286.7105936848279,233.4276198,22.0,0.0,0.4861227923,115.76480763381684,0.23606811145510836,12.17190261388692,0.0,0.0,0.3452958292919496,646.1956522,3059096.976471204,0.02775441540000001,1.0,0.4861227923,282.8957563993977
CHARLOTTE__LOS_ANGELES,0.0,470.2358333333333,7.0,497.0,3.0,2275.0,498.68195269183445,385.0106619,28.0,0.0,0.7785111845,187.01975605386116,0.18808962264150944,16.123539244060492,0.0,0.0,0.20615911035072712,1185.652174,7638250.347803778,0.19325265849999998,1.0,0.028236157,474.6081349071105
CHARLOTTE__MIAMI,0.0,277.0743333333333,7.0,334.0,3.0,824.0,284.3857847533632,229.4640644,27.0,0.0,0.670351362,132.41306987593612,0.20588235294117646,9.918162637468779,0.0,0.0,0.33575757575757575,1101.304348,5858354.0748016955,0.04599289379999999,1.0,0.2836557442,274.4798422847054
CHARLOTTE__NEW_YORK,0.0,224.26833333333335,7.0,234.0,3.0,548.0,239.3185549264674,206.6485771,26.0,0.0,0.6429314565,91.58732228243923,0.22580645161290322,8.545357781744283,0.0,0.0,0.2932191300261149,3552.173913,17358389.054671507,0.2545593636,1.0,0.1025091799,229.09267397448454
CHARLOTTE__PHILADELPHIA,0.0,278.038,7.0,326.0,3.0,895.0,285.2526990079915,218.6075209,27.0,0.0,0.7172207695,130.15746535506878,0.1891891891891892,9.8595884690208,0.0,0.0,0.3620146904512067,872.9347826,5124114.301533271,0.013696924399999977,1.0,0.2690823061,277.4881995578369
CHARLOTTE__SAN_FRANCISCO,0.0,592.5686666666667,7.0,622.0,3.0,2557.0,620.1252335958005,432.8710813,29.0,0.0,0.7140115163,220.9859023061565,0.1891891891891892,19.357508149494976,0.0,0.0,0.22817601135557133,679.5652174,3767017.1631291234,0.18554062699999996,1.0,0.1004478567,565.9829064683084
CHARLOTTE__WASHINGTON,0.0,221.88850000000002,7.0,112.0,3.0,327.0,223.98979325425353,172.4900498,27.5,1.0,0.7508173419,104.61453522618567,0.19399641577060933,7.642649594523957,0.0,0.0,0.2945256116880831,1529.347826,9103757.764232218,0.10881307739999996,0.0,0.1403695807,215.0951465201465
CHICAGO__DALLAS_FORT_WORTH,0.0,279.34633333333335,7.0,318.0,3.0,1122.0,302.67689310167077,210.6382177,28.0,0.0,0.3681434059,130.34321190724393,0.17307692307692307,9.75864237225113,0.0,0.0,0.2693020941069184,4244.565217,14457149.58410514,0.26371318820000006,1.0,0.3681434059,287.15968314743316
CHICAGO__DENVER,0.0,323.1255,7.0,266.0,3.0,1034.0,356.3447695063047,211.6326152,28.0,0.0,0.4118746329,158.14810244532214,0.225,11.28614787175263,0.0,0.0,0.20218265364732912,4071.521739,14623725.702864774,0.2030006941,1.0,0.385124673,329.23493502529215
CHICAGO__DETROIT,0.0,220.32733333333334,7.0,88.0,3.0,240.0,230.4018116301274,194.963646,29.0,1.0,0.5668782323,116.43231380730077,0.20930232558139536,7.6555355665839535,0.0,0.0,0.35684647302904565,924.7826087,4021877.3636960047,0.3159379407,0.0,0.117183827,222.99717068645637
CHICAGO__LOS_ANGELES,0.0,362.90066666666667,7.0,420.0,3.0,1810.0,408.98305959805964,290.2448793,29.0,0.0,0.3572198363,170.79283936009185,0.18421052631578946,12.42942489544425,0.0,0.0,0.20901194353963085,6757.5,26875317.158582043,0.4996059129,1.0,0.1431742508,372.3616031885096
CHICAGO__MIAMI,0.0,251.03745238095237,7.0,396.5,3.0,1517.0,260.92510218684254,198.2328522,28.0,0.0,0.2997015991,131.27285617290926,0.1891891891891892,8.71932979049955,0.0,0.0,0.24747231584015406,4261.847826,15320388.204439295,0.46071055119999993,1.0,0.2395878497,255.75702842039223
CHICAGO__NEW_YORK,0.0,231.806,7.0,247.0,3.0,720.0,244.93949213734055,187.8161357,29.0,0.0,0.3864492632,122.82147102809088,0.21875,9.538210886711571,0.0,0.0,0.2514792899408284,10386.08696,36378427.14490212,0.22710147359999994,1.0,0.3864492632,283.4023232529524
CHICAGO__PHILADELPHIA,0.0,259.48699999999997,7.0,247.0,3.0,674.0,279.4752700729927,193.9097668,27.0,0.0,0.4445347594,134.92365269616167,0.2,9.3217074727079,0.0,0.0,0.2831230283911672,2540.76087,9235808.27894213,0.3539679144,1.0,0.2014973262,260.5640193431178
CHICAGO__SAN_FRANCISCO,0.0,456.10916666666674,7.0,500.0,3.0,2084.0,495.8282958516844,337.0191808,28.0,0.0,0.5435302062,189.805786078065,0.19230769230769232,15.7897055319974,0.0,0.0,0.22452156633253173,4185.0,16802388.751779757,0.25892161449999995,1.0,0.1975481793,467.1979572271849
CHICAGO__WASHINGTON,0.0,317.53433333333334,6.0,328.0,3.0,919.0,327.2246869070209,184.7237826,29.0,0.0,0.3700634581,147.70324265279578,0.1875,10.306076721763086,0.0,0.0,0.3651804670912951,4984.456522,17018327.50864943,0.2598730838,1.0,0.3700634581,314.52344204348407
DALLAS_FORT_WORTH__DENVER,0.0,224.83833333333334,7.0,137.0,3.0,650.0,269.7264272559853,175.0246815,29.0,1.0,0.3588840311,221.0995165720483,0.2,7.697156657135968,0.0,0.0,0.1991722710812209,3455.76087,12454290.083620083,0.4347497877,0.0,0.2063661812,225.05748826723672
DALLAS_FORT_WORTH__DETROIT,0.0,333.5765,7.0,357.0,3.0,1328.0,341.38536240916665,259.7241692,24.0,0.0,0.3882705817,115.56681294221914,0.2,13.387111493423554,0.0,0.0,0.26346153846153847,1377.065217,5115202.375417483,0.43547241299999995,1.0,0.1762570053,330.2220490969968
DALLAS_FORT_WORTH__LOS_ANGELES,0.0,285.5736666666666,7.0,343.0,3.0,1456.0,311.78293462327764,250.2465367,27.0,0.0,0.4696878147,122.47642486181329,0.17647058823529413,10.18315098276513,0.0,0.0,0.2201467645096731,5936.413043,22280961.850393638,0.34913485310000003,1.0,0.1811773322,293.29601223238086
DALLAS_FORT_WORTH__MIAMI,0.0,276.6023333333333,7.0,349.0,3.0,1289.0,285.1667483603728,218.79623,26.0,0.0,0.4835061263,115.23092839834857,0.2,10.500535886575967,0.0,0.0,0.2550335570469799,2767.826087,10268328.006362269,0.21449890039999997,1.0,0.3019949733,276.9310340734534
DALLAS_FORT_WORTH__NEW_YORK,0.0,273.9353333333333,7.0,344.0,3.0,1398.0,296.0933696922478,208.4403522,28.0,0.0,0.480594444,118.73325909687438,0.20454545454545456,9.634131718843983,0.0,0.0,0.22379032258064516,5931.73913,23808284.905182555,0.3929487649999999,1.0,0.126456791,277.4671880918866
DALLAS_FORT_WORTH__PHILADELPHIA,0.0,333.5560000000001,7.0,376.0,3.0,1392.0,347.2538380872483,283.9936419,27.0,0.0,0.6349419477,130.86737373281093,0.18421052631578946,11.652755605712471,0.0,0.0,0.25340990667623836,1376.195652,6565907.20124275,0.2430297765,1.0,0.1220282758,329.03914744797066
DALLAS_FORT_WORTH__SAN_FRANCISCO,0.0,421.3445,7.0,523.5,3.0,1874.0,453.35269670225284,263.5991927,28.0,0.0,0.3959157828,189.00461386672794,0.18181818181818182,13.989665297669143,0.0,0.0,0.2803201488315387,2746.521739,11141662.937876118,0.4843280038000001,1.0,0.1197562134,419.6224350133993
DALLAS_FORT_WORTH__WASHINGTON,0.0,331.20033333333333,7.0,366.0,3.0,1266.0,345.7698359433259,255.828832,27.0,0.0,0.4464538895,121.00646352463905,0.21951219512195122,11.4673606271089,0.0,0.0,0.2612470402525651,3449.891304,12906135.399475506,0.17291029970000005,1.0,0.3806358108,332.31500408163265
DENVER__DETROIT,0.0,358.28000000000003,6.0,388.0,3.0,1285.0,373.956976331361,265.3654422,28.0,0.0,0.561396564,141.81265351423542,0.17647058823529413,11.868216090412156,0.0,0.0,0.2491258741258741,1372.934783,5656707.36055683,0.23751088589999997,1.0,0.2010925501,357.118458110517
DENVER__LOS_ANGELES,0.0,254.567,7.0,277.0,3.0,937.0,271.96928645115463,167.198293,26.0,0.0,0.469351143,124.14856300528086,0.20454545454545456,9.208211044541347,0.0,0.0,0.2623199393479909,6119.456522,25227253.805696934,0.4252651024,1.0,0.1053837546,256.3958662490798
DENVER__MIAMI,0.0,377.1206666666667,7.0,472.0,3.0,1834.0,390.3574737845567,235.0770534,27.0,0.0,0.2922366317,156.09867732651753,0.2,12.935572688137269,0.0,0.0,0.22083805209513024,1835.543478,7975286.945061197,0.575945994,1.0,0.1318173743,371.3337012265512
DENVER__NEW_YORK,0.0,406.83133333333336,7.0,458.0,3.0,1702.0,402.31038277511965,270.3372925,28.0,0.0,0.4944779923,147.78975550727893,0.21052631578947367,13.660995578362257,0.0,0.0,0.23584441161989167,4734.021739,19328435.044998337,0.38693086590000003,1.0,0.1185911418,405.4219529301307
DENVER__PHILADELPHIA,0.0,398.67699999999996,7.0,420.0,3.0,1671.0,427.0023862998315,300.2210942,28.0,0.0,0.3470171294,139.68472188349855,0.1956521739130435,13.516661540516864,0.0,0.0,0.23396613648024628,1472.173913,5008284.271460452,0.38386001180000007,1.0,0.2691228588,394.29609325798975
DENVER__SAN_FRANCISCO,0.0,355.108,7.0,372.0,3.0,1186.0,362.29668478260874,209.1613123,28.0,0.0,0.4291338583,207.88106512667136,0.2,12.353862008782666,0.0,0.0,0.2897959183673469,3727.173913,14974830.980259791,0.4507728200000001,1.0,0.1200933217,353.57373799809324
DENVER__WASHINGTON,0.0,402.47999999999996,7.0,397.0,3.0,1673.0,434.09482689747006,280.2291501,26.0,0.0,0.4153398605,152.35530550129636,0.21875,14.901100217268645,0.0,0.0,0.22698684962835905,3474.891304,11999949.984568197,0.32325064909999995,1.0,0.2614094904,401.41316165262094
DETROIT__LOS_ANGELES,0.0,455.2911666666667,7.0,495.0,3.0,2233.0,469.79885468140446,372.1971746,28.0,0.0,0.5800993914,138.26510752512485,0.17073170731707318,15.217651805188757,0.0,0.0,0.20652173913043478,1946.630435,8520985.260520559,0.12915293979999998,1.0,0.2907476688,460.8791265925678
DETROIT__MIAMI,0.0,275.572,6.0,399.0,3.0,1589.0,288.31482001755927,192.2963643,27.0,0.0,0.5385082202,136.51727537152982,0.1724137931034483,9.818939166512003,0.0,0.0,0.2641509433962264,1970.217391,8798334.242445352,0.0724925522,1.0,0.3889992276,279.6930821823679
DETROIT__NEW_YORK,0.0,234.48803846153845,7.0,305.0,3.0,612.0,250.63157514577523,203.4616029,28.0,0.0,0.4986850301,120.33665958882429,0.1891891891891892,9.210951596212041,0.0,0.0,0.3719412724306688,3141.086957,12216529.88058019,0.3360440169,1.0,0.165270953,265.395990611645
DETROIT__PHILADELPHIA,0.0,297.51266666666663,6.0,316.0,3.0,912.0,302.06076062639823,230.025157,24.0,0.0,0.4403266332,128.66092010083133,0.1724137931034483,11.788273800827177,0.0,0.0,0.34611171960569553,692.173913,2429182.9390720865,0.2947550251,1.0,0.2649183417,298.80660855251193
DETROIT__SAN_FRANCISCO,0.0,565.2465000000001,7.0,586.0,3.0,2463.0,603.0662213866119,438.1244134,28.0,0.0,0.7468342644,280.12469551078186,0.1875,19.128075476083716,0.0,0.0,0.23296199213630406,1167.391304,7089197.835699519,0.220018622,1.0,0.0331471136,563.7787668637338
DETROIT__WASHINGTON,0.0,221.4805,7.0,101.0,3.0,391.0,241.81708347267647,176.2857789,28.0,1.0,0.6506814419,142.96194051361712,0.20454545454545456,8.254319102353586,0.0,0.0,0.25,1706.73913,8293669.456423875,0.2023945994,0.0,0.1469239587,227.29276949940817
LOS_ANGELES__MIAMI,0.0,405.53366666666665,6.0,544.0,3.0,2417.0,432.1388458729,336.1041215,27.0,0.0,0.5251548572,162.6256278908902,0.17647058823529413,14.082362249765875,0.0,0.0,0.20590551181102362,3597.282609,13977102.708842697,0.24054993200000002,1.0,0.2342952108,429.17728448655527
LOS_ANGELES__NEW_YORK,0.0,442.02833333333336,7.0,503.0,3.0,2516.0,462.2494991055456,426.8098754,28.0,0.0,0.2802079937,173.29502065865063,0.2,15.066733602348032,0.0,0.0,0.19180859691808597,12667.6087,45241018.88847073,0.4588217123000001,1.0,0.260970294,448.76641209449315
LOS_ANGELES__PHILADELPHIA,0.0,459.4636666666667,7.0,526.5,3.0,2491.0,495.3363650038506,398.7797704,28.0,0.0,0.7386911596,171.16466864666205,0.19148936170212766,15.835885985321948,0.0,0.0,0.20436439210252857,1893.478261,10978556.882210165,0.13191733640000003,1.0,0.129391504,469.2378838915689
LOS_ANGELES__SAN_FRANCISCO,0.0,236.14066666666665,7.0,99.0,3.0,351.0,220.01111967128918,129.5796802,29.0,1.0,0.6269530103,131.15673769479594,0.18518518518518517,8.705549209825284,0.0,0.0,0.27058823529411763,16661.84783,130985476.2314063,0.0,0.0,0.6269530103,262.91868570764984
LOS_ANGELES__WASHINGTON,0.0,487.46133333333336,7.0,520.0,3.0,2448.0,513.4258549222798,363.1836227,29.0,0.0,0.3592477073,144.51117405579603,0.2,15.81915132145117,0.0,0.0,0.20522388059701493,4669.782609,18398131.15998317,0.4930636376,1.0,0.1476886551,487.1120987257874
MIAMI__NEW_YORK,0.0,224.27300000000002,7.0,194.0,3.0,1104.0,219.22736932305057,184.0920563,28.0,1.0,0.3029342747,126.69565100397296,0.21428571428571427,7.872834988621519,0.0,0.0,0.1755656108597285,16258.36957,67505964.96263435,0.5491419135,0.0,0.1479238118,230.9007660883928
MIAMI__PHILADELPHIA,0.0,269.25933333333336,7.0,363.0,3.0,1201.0,285.09409366102,178.4925973,29.0,0.0,0.5233039103,147.15870916409176,0.18421052631578946,9.0820719697432,0.0,0.0,0.2848101265822785,2549.021739,10002962.559890952,0.1885633875,1.0,0.2881327022,261.7925010993287
MIAMI__SAN_FRANCISCO,0.0,550.6343333333333,7.0,678.0,3.0,2820.0,559.3908515057113,380.6842394,27.0,0.0,0.4292950913,180.85557664936735,0.2,19.71596277995685,0.0,0.0,0.21846908199400708,1523.478261,5920012.377241305,0.14140981740000003,1.0,0.4292950913,559.122239498596
MIAMI__WASHINGTON,0.0,333.7926666666666,7.0,403.0,3.0,1137.0,333.04846153846154,170.5554931,29.0,0.0,0.3206572864,125.72760209676221,0.19444444444444445,10.782080561295594,0.0,0.0,0.3190045248868778,5430.76087,22492816.924133774,0.5404199107,1.0,0.1389228029,330.7469824278682
NEW_YORK__SAN_FRANCISCO,0.0,540.9003333333334,7.0,603.0,3.0,2797.0,551.8329360306178,413.6668856,28.0,0.0,0.3468845686,207.12702166358974,0.20454545454545456,18.47398512592477,0.0,0.0,0.21074918566775244,8839.23913,31351441.936409622,0.4292126265,1.0,0.2239028049,538.5002466361636
NEW_YORK__WASHINGTON,0.0,378.035,7.0,358.0,3.0,872.0,389.34581412103745,196.5215954,27.0,0.0,0.3010938116,152.99906094409496,0.22580645161290322,13.480255028735632,0.0,0.0,0.4391891891891892,2206.086957,9768708.657935638,0.5817402444,1.0,0.117165944,375.93808201397076
PHILADELPHIA__SAN_FRANCISCO,0.0,604.976,7.0,654.0,3.0,2755.0,622.6452275132275,382.3220435,28.0,0.0,0.5617391304,197.35370206721416,0.19444444444444445,19.772253657933767,0.0,0.0,0.23373015873015873,1250.0,5214260.113192363,0.271826087,1.0,0.1664347826,581.338149333962
SAN_FRANCISCO__WASHINGTON,0.0,579.2366666666666,7.0,592.0,3.0,2645.0,592.1203092783505,426.051297,26.0,0.0,0.5488094816,177.13409793972775,0.21739130434782608,21.23056178499956,0.0,0.0,0.21946564885496184,3063.152174,13153384.60415343,0.3405485965,1.0,0.1106419219,568.550628077225
